entity_name,entity_removal_method,entity_removal_rate,Model,mean_erosion_rate,ci95_erosion_rate,mean_misguidance_rate,ci95_misguidance_rate,Erosion,Misguidance
CellLine,remove_annotations_randomly,0.1,BiLSTM-Partial-CRF,0.09720002001024819,0.015772980819317654,-0.07940472837388327,0.019036615296810448,9.72±1.58,-7.94±1.90
CellLine,remove_annotations_randomly,0.1,EER-PubMedBERT-CRF,0.10792418173394366,0.01650944788550789,-0.09241956280921539,0.020198654936348186,10.79±1.65,-9.24±2.02
CellLine,remove_annotations_randomly,0.1,PubMedBERT,0.025826067233029038,0.011903716748285845,-0.00015756056139688417,0.012384319683096254,2.58±1.19,-0.02±1.24
CellLine,remove_annotations_randomly,0.1,TS-PubMedBERT-Partial-CRF,0.15285218818551366,0.11566606666968618,-0.17531801485422244,0.17996881953092686,15.29±11.57,-17.53±18.00
CellLine,remove_annotations_randomly,0.2,BiLSTM-Partial-CRF,0.12150534007621983,0.012270171502717274,-0.07137363308169373,0.01476928477039393,12.15±1.23,-7.14±1.48
CellLine,remove_annotations_randomly,0.2,EER-PubMedBERT-CRF,0.13981522805604918,0.0315904178221523,-0.09545186651443419,0.039046728692151214,13.98±3.16,-9.55±3.90
CellLine,remove_annotations_randomly,0.2,PubMedBERT,0.058992669690522526,0.0041665749068237334,-2.0496599374872012e-05,0.004445797488034114,5.90±0.42,-0.00±0.44
CellLine,remove_annotations_randomly,0.2,TS-PubMedBERT-Partial-CRF,0.2039626169930852,0.0694925799421981,-0.19163322785845754,0.10520084505316767,20.40±6.95,-19.16±10.52
CellLine,remove_annotations_randomly,0.3,BiLSTM-Partial-CRF,0.11885201816670118,0.00832424807609721,-0.019964786672858174,0.009679221520583007,11.89±0.83,-2.00±0.97
CellLine,remove_annotations_randomly,0.3,EER-PubMedBERT-CRF,0.11352629835738579,0.02554383467084256,-0.01459996072476295,0.028590837827073088,11.35±2.55,-1.46±2.86
CellLine,remove_annotations_randomly,0.3,PubMedBERT,0.10134397587010299,0.019596762777008503,-0.0004997590157774248,0.022013580571967388,10.13±1.96,-0.05±2.20
CellLine,remove_annotations_randomly,0.3,TS-PubMedBERT-Partial-CRF,0.08249296793972369,0.02962496789536347,0.01946278405527404,0.03223456822894801,8.25±2.96,1.95±3.22
CellLine,remove_annotations_randomly,0.4,BiLSTM-Partial-CRF,0.13136302493098867,0.013578628188245578,0.0861346511952947,0.014303241149569889,13.14±1.36,8.61±1.43
CellLine,remove_annotations_randomly,0.4,EER-PubMedBERT-CRF,0.11446641523749945,0.016848680054538507,0.10346176645687859,0.01708485618036137,11.45±1.68,10.35±1.71
CellLine,remove_annotations_randomly,0.4,PubMedBERT,0.2063849805313521,0.04350942072005011,-0.0032681936898605393,0.0573267376923673,20.64±4.35,-0.33±5.73
CellLine,remove_annotations_randomly,0.4,TS-PubMedBERT-Partial-CRF,0.1465486662065185,0.07380547271343608,0.062247378228455205,0.08756838633932935,14.65±7.38,6.22±8.76
CellLine,remove_annotations_randomly,0.5,BiLSTM-Partial-CRF,0.14747223956777017,0.015142746592443908,0.16746974871633313,0.014847892599829427,14.75±1.51,16.75±1.48
CellLine,remove_annotations_randomly,0.5,EER-PubMedBERT-CRF,0.10711839516969293,0.01672793921422242,0.20506535239518078,0.015012993025822695,10.71±1.67,20.51±1.50
CellLine,remove_annotations_randomly,0.5,PubMedBERT,0.2904789432921481,0.035367975599027414,-0.002657688688826193,0.05124985804563655,29.05±3.54,-0.27±5.12
CellLine,remove_annotations_randomly,0.5,TS-PubMedBERT-Partial-CRF,0.1827563865761191,0.03565183745456074,0.13014943097044554,0.03662521901078824,18.28±3.57,13.01±3.66
CellLine,remove_annotations_randomly,0.6,BiLSTM-Partial-CRF,0.19059864053137712,0.02697002713316689,0.17656948506663425,0.0261670056117864,19.06±2.70,17.66±2.62
CellLine,remove_annotations_randomly,0.6,EER-PubMedBERT-CRF,0.11149770828415206,0.02982971997653241,0.24979768491045498,0.02594796781695219,11.15±2.98,24.98±2.59
CellLine,remove_annotations_randomly,0.6,PubMedBERT,0.3342489994518771,0.07285857734637956,-0.014561569422476984,0.12814774967215664,33.42±7.29,-1.46±12.81
CellLine,remove_annotations_randomly,0.6,TS-PubMedBERT-Partial-CRF,0.146748608071474,0.07231046777550804,0.2139863242561158,0.06534079623086585,14.67±7.23,21.40±6.53
CellLine,remove_annotations_randomly,0.7,BiLSTM-Partial-CRF,0.23178468315391038,0.017392196397752652,0.41947030497380655,0.013344185348014957,23.18±1.74,41.95±1.33
CellLine,remove_annotations_randomly,0.7,EER-PubMedBERT-CRF,0.1130063286784762,0.025681003299921942,0.49704808271170614,0.014402787839587924,11.30±2.57,49.70±1.44
CellLine,remove_annotations_randomly,0.7,PubMedBERT,0.5542697937920303,0.04781769976839213,-0.014265847523110706,0.12789318576909892,55.43±4.78,-1.43±12.79
CellLine,remove_annotations_randomly,0.7,TS-PubMedBERT-Partial-CRF,0.19226206490647385,0.062344712794455324,0.44464866985203566,0.04397979495732753,19.23±6.23,44.46±4.40
CellLine,remove_annotations_randomly,0.8,BiLSTM-Partial-CRF,0.3230435801624472,0.03415761282839645,0.6682719541438943,0.017732805669539116,32.30±3.42,66.83±1.77
CellLine,remove_annotations_randomly,0.8,EER-PubMedBERT-CRF,0.11644375432783376,0.011748784801344066,0.7465051493053388,0.00341499971558009,11.64±1.17,74.65±0.34
CellLine,remove_annotations_randomly,0.8,PubMedBERT,0.776064815501202,0.025865148588640734,-0.015649180158856257,0.13079496320513057,77.61±2.59,-1.56±13.08
CellLine,remove_annotations_randomly,0.8,TS-PubMedBERT-Partial-CRF,0.23909800566244188,0.09572836177205149,0.7006474031350856,0.03878550314458823,23.91±9.57,70.06±3.88
CellLine,remove_annotations_randomly,0.9,BiLSTM-Partial-CRF,0.5339912902669073,0.10509656385624432,0.7629874543373378,0.06132854636236303,53.40±10.51,76.30±6.13
CellLine,remove_annotations_randomly,0.9,EER-PubMedBERT-CRF,0.13979818302457264,0.030948818557260994,0.8790081125402297,0.004507684306733073,13.98±3.09,87.90±0.45
CellLine,remove_annotations_randomly,0.9,PubMedBERT,0.896067752571493,0.03939791872929785,-0.33168803457752843,0.896094584573252,89.61±3.94,-33.17±89.61
CellLine,remove_annotations_randomly,0.9,TS-PubMedBERT-Partial-CRF,0.37610593712738966,0.05440681694667622,0.8320270792346562,0.015275411202397992,37.61±5.44,83.20±1.53
CellLine,remove_surfaceforms_randomly,0.1,BiLSTM-Partial-CRF,0.14607596959245492,0.011997154555643,-0.11141275224114774,0.015743311570682872,14.61±1.20,-11.14±1.57
CellLine,remove_surfaceforms_randomly,0.1,EER-PubMedBERT-CRF,0.11623029397826752,0.048140762960461304,-0.07683154393741955,0.05602538749285001,11.62±4.81,-7.68±5.60
CellLine,remove_surfaceforms_randomly,0.1,PubMedBERT,0.051134590658518775,0.010976569202851415,-0.00014000224217483766,0.011623551639743736,5.11±1.10,-0.01±1.16
CellLine,remove_surfaceforms_randomly,0.1,TS-PubMedBERT-Partial-CRF,0.14637441556473557,0.09596380362459174,-0.126950957291626,0.13173198778141224,14.64±9.60,-12.70±13.17
CellLine,remove_surfaceforms_randomly,0.2,BiLSTM-Partial-CRF,0.16181919215948554,0.03247956214056473,-0.08257731279257043,0.04126555659751727,16.18±3.25,-8.26±4.13
CellLine,remove_surfaceforms_randomly,0.2,EER-PubMedBERT-CRF,0.10656093363864891,0.010666870452561731,-0.014208930720736864,0.012021423757759732,10.66±1.07,-1.42±1.20
CellLine,remove_surfaceforms_randomly,0.2,PubMedBERT,0.0939996356403796,0.023974769965675925,-0.0007274885605592724,0.026405902986994054,9.40±2.40,-0.07±2.64
CellLine,remove_surfaceforms_randomly,0.2,TS-PubMedBERT-Partial-CRF,0.15823138999609462,0.05837716048795248,-0.0819026139599737,0.0776308340516527,15.82±5.84,-8.19±7.76
CellLine,remove_surfaceforms_randomly,0.3,BiLSTM-Partial-CRF,0.1992658853125549,0.0202812866708673,-0.07569410257258617,0.027377172364745603,19.93±2.03,-7.57±2.74
CellLine,remove_surfaceforms_randomly,0.3,EER-PubMedBERT-CRF,0.11784110786579464,0.01612286618381039,0.023904806773460286,0.018118382851259933,11.78±1.61,2.39±1.81
CellLine,remove_surfaceforms_randomly,0.3,PubMedBERT,0.13923307623906594,0.017678853458859094,-0.0004318234378709155,0.020196438201129954,13.92±1.77,-0.04±2.02
CellLine,remove_surfaceforms_randomly,0.3,TS-PubMedBERT-Partial-CRF,0.16009601199778645,0.04236105045667466,-0.027412693324210723,0.04902314475617446,16.01±4.24,-2.74±4.90
CellLine,remove_surfaceforms_randomly,0.4,BiLSTM-Partial-CRF,0.23393566880064381,0.023626387661518453,-0.013604613558486184,0.03151300203314794,23.39±2.36,-1.36±3.15
CellLine,remove_surfaceforms_randomly,0.4,EER-PubMedBERT-CRF,0.12132864748471299,0.02744944042124557,0.11626181335174457,0.028149067830184723,12.13±2.74,11.63±2.81
CellLine,remove_surfaceforms_randomly,0.4,PubMedBERT,0.22428882576375103,0.021195770085397928,-0.0007689526085776334,0.027035116696775694,22.43±2.12,-0.08±2.70
CellLine,remove_surfaceforms_randomly,0.4,TS-PubMedBERT-Partial-CRF,0.16797856077117493,0.0764297256128059,0.05967790692422387,0.0836928632806256,16.80±7.64,5.97±8.37
CellLine,remove_surfaceforms_randomly,0.5,BiLSTM-Partial-CRF,0.2504203182065451,0.009227156543146084,0.042628461050205346,0.011842200322251476,25.04±0.92,4.26±1.18
CellLine,remove_surfaceforms_randomly,0.5,EER-PubMedBERT-CRF,0.10306905349161655,0.01923149616966927,0.19964082602478878,0.017700098002363978,10.31±1.92,19.96±1.77
CellLine,remove_surfaceforms_randomly,0.5,PubMedBERT,0.2824875103635228,0.04350069253303007,-0.0038324810840186544,0.06084559176050391,28.25±4.35,-0.38±6.08
CellLine,remove_surfaceforms_randomly,0.5,TS-PubMedBERT-Partial-CRF,0.17767703238422758,0.04720715920940072,0.12453258134319159,0.04893245429886257,17.77±4.72,12.45±4.89
CellLine,remove_surfaceforms_randomly,0.6,BiLSTM-Partial-CRF,0.32396792211966713,0.02181069785750154,0.187201449994194,0.025434373679305178,32.40±2.18,18.72±2.54
CellLine,remove_surfaceforms_randomly,0.6,EER-PubMedBERT-CRF,0.11148578689337067,0.01387806082153673,0.3820677741794905,0.0097605161166353,11.15±1.39,38.21±0.98
CellLine,remove_surfaceforms_randomly,0.6,PubMedBERT,0.451099466548596,0.06570429605344172,-0.014161080570927237,0.11397155026903551,45.11±6.57,-1.42±11.40
CellLine,remove_surfaceforms_randomly,0.6,TS-PubMedBERT-Partial-CRF,0.2210654052735061,0.035472912389141714,0.2938887420282145,0.030162898883764586,22.11±3.55,29.39±3.02
CellLine,remove_surfaceforms_randomly,0.7,BiLSTM-Partial-CRF,0.3769123636033839,0.04495782759599073,0.28373990268031724,0.049971520500537346,37.69±4.50,28.37±5.00
CellLine,remove_surfaceforms_randomly,0.7,EER-PubMedBERT-CRF,0.16716823146932025,0.01863866435901845,0.46665399987949574,0.012028681589850916,16.72±1.86,46.67±1.20
CellLine,remove_surfaceforms_randomly,0.7,PubMedBERT,0.5560458926529964,0.04934599897690391,-0.013033782758813539,0.11287804877369813,55.60±4.93,-1.30±11.29
CellLine,remove_surfaceforms_randomly,0.7,TS-PubMedBERT-Partial-CRF,0.21583272327239084,0.05206815674442247,0.4313003691670415,0.03695843399137766,21.58±5.21,43.13±3.70
CellLine,remove_surfaceforms_randomly,0.8,BiLSTM-Partial-CRF,0.39550515251570867,0.023519079523399385,0.560670360340406,0.016411644801870535,39.55±2.35,56.07±1.64
CellLine,remove_surfaceforms_randomly,0.8,EER-PubMedBERT-CRF,0.15592427652004354,0.023272033700453332,0.6855907254733339,0.008852394817384004,15.59±2.33,68.56±0.89
CellLine,remove_surfaceforms_randomly,0.8,PubMedBERT,0.7348291886747413,0.03549990026320036,-0.02350185813688176,0.1689448564176269,73.48±3.55,-2.35±16.89
CellLine,remove_surfaceforms_randomly,0.8,TS-PubMedBERT-Partial-CRF,0.3249868393774259,0.06289534475119375,0.6035907920626447,0.03686034033730902,32.50±6.29,60.36±3.69
CellLine,remove_surfaceforms_randomly,0.9,BiLSTM-Partial-CRF,0.5325494596262799,0.04222763494945205,1.0,0.0,53.25±4.22,100.00±0.00
CellLine,remove_surfaceforms_randomly,0.9,EER-PubMedBERT-CRF,0.1550589845149763,0.022191257560179575,1.0,0.0,15.51±2.22,100.00±0.00
CellLine,remove_surfaceforms_randomly,0.9,PubMedBERT,1.0,0.0,,,100.00±0.00,nan±nan
CellLine,remove_surfaceforms_randomly,0.9,TS-PubMedBERT-Partial-CRF,0.32820684634926917,0.08429808909386428,1.0,0.0,32.82±8.43,100.00±0.00
Chemical,remove_annotations_randomly,0.1,BiLSTM-Partial-CRF,0.05577903365029028,0.001007429266535779,-0.046125020189174595,0.001116880492500981,5.58±0.10,-4.61±0.11
Chemical,remove_annotations_randomly,0.1,EER-PubMedBERT-CRF,0.010109353563885785,0.0016770834158569788,0.0021372925990802137,0.0016919688798749289,1.01±0.17,0.21±0.17
Chemical,remove_annotations_randomly,0.1,PubMedBERT,0.012227994086326754,0.0037490135196181712,-1.4970735246634149e-05,0.0037882269149669278,1.22±0.37,-0.00±0.38
Chemical,remove_annotations_randomly,0.1,TS-PubMedBERT-Partial-CRF,0.067012450035374,0.017646323718742928,-0.05911220313429542,0.019950909067515107,6.70±1.76,-5.91±2.00
Chemical,remove_annotations_randomly,0.2,BiLSTM-Partial-CRF,0.05542533996264458,0.0019261679250006274,-0.0408901592210138,0.0021176230979252347,5.54±0.19,-4.09±0.21
Chemical,remove_annotations_randomly,0.2,EER-PubMedBERT-CRF,0.007617659949765032,0.0013498517313220901,0.009256738619235469,0.0013482039081214377,0.76±0.13,0.93±0.13
Chemical,remove_annotations_randomly,0.2,PubMedBERT,0.01680577879490836,0.005999214810137137,-3.874262237482714e-05,0.006098011880908092,1.68±0.60,-0.00±0.61
Chemical,remove_annotations_randomly,0.2,TS-PubMedBERT-Partial-CRF,0.052931911872473744,0.00976735333432365,-0.038261744998331626,0.010850096917093868,5.29±0.98,-3.83±1.09
Chemical,remove_annotations_randomly,0.3,BiLSTM-Partial-CRF,0.05774937188441383,0.0018952950593481657,-0.0345508972257216,0.00208301517028175,5.77±0.19,-3.46±0.21
Chemical,remove_annotations_randomly,0.3,EER-PubMedBERT-CRF,0.008254198901782306,0.0012625363887719943,0.01708304050695033,0.001251629002731647,0.83±0.13,1.71±0.13
Chemical,remove_annotations_randomly,0.3,PubMedBERT,0.025197877978270156,0.006591790168434758,-4.752593071489597e-05,0.006749955875812943,2.52±0.66,-0.00±0.67
Chemical,remove_annotations_randomly,0.3,TS-PubMedBERT-Partial-CRF,0.06788243232454103,0.01900555900169324,-0.04625238151321083,0.021637495690681272,6.79±1.90,-4.63±2.16
Chemical,remove_annotations_randomly,0.4,BiLSTM-Partial-CRF,0.06126628287545514,0.0011210002625873967,-0.013793507036496112,0.0012110539732847103,6.13±0.11,-1.38±0.12
Chemical,remove_annotations_randomly,0.4,EER-PubMedBERT-CRF,0.010806388889369672,0.007205861625607773,0.03786894410064786,0.007085180877894237,1.08±0.72,3.79±0.71
Chemical,remove_annotations_randomly,0.4,PubMedBERT,0.048319266311757,0.02663451367215467,-0.0008440600628241021,0.028970260714459507,4.83±2.66,-0.08±2.90
Chemical,remove_annotations_randomly,0.4,TS-PubMedBERT-Partial-CRF,0.050317501589727365,0.011821523999462048,-0.0022653825593770436,0.012443446129745076,5.03±1.18,-0.23±1.24
Chemical,remove_annotations_randomly,0.5,BiLSTM-Partial-CRF,0.07063155957875393,0.0025994265659131186,0.07097156680629,0.0025994175280738894,7.06±0.26,7.10±0.26
Chemical,remove_annotations_randomly,0.5,EER-PubMedBERT-CRF,0.008807418166936604,0.0010919662253561142,0.12892431064210047,0.0009595854504078448,0.88±0.11,12.89±0.10
Chemical,remove_annotations_randomly,0.5,PubMedBERT,0.13659732953262155,0.050229091810123555,-0.00346747497627916,0.057305401392696825,13.66±5.02,-0.35±5.73
Chemical,remove_annotations_randomly,0.5,TS-PubMedBERT-Partial-CRF,0.04175360983670841,0.007490372354799464,0.09891872870941314,0.007078335390490358,4.18±0.75,9.89±0.71
Chemical,remove_annotations_randomly,0.6,BiLSTM-Partial-CRF,0.11319748737707565,0.006611562254063382,0.34733635303064336,0.004887372587816375,11.32±0.66,34.73±0.49
Chemical,remove_annotations_randomly,0.6,EER-PubMedBERT-CRF,0.015201453056199719,0.001309864583875433,0.41231515284328085,0.0007818351719085408,1.52±0.13,41.23±0.08
Chemical,remove_annotations_randomly,0.6,PubMedBERT,0.42124988278306486,0.024761956749603797,-0.0019404665794517564,0.04361459987337474,42.12±2.48,-0.19±4.36
Chemical,remove_annotations_randomly,0.6,TS-PubMedBERT-Partial-CRF,0.037596244170522194,0.008144261440770894,0.39859632576072074,0.0050753226331983195,3.76±0.81,39.86±0.51
Chemical,remove_annotations_randomly,0.7,BiLSTM-Partial-CRF,0.4081188012241931,0.03366264746219945,0.29158689802761095,0.03975008516093757,40.81±3.37,29.16±3.98
Chemical,remove_annotations_randomly,0.7,EER-PubMedBERT-CRF,0.01987886345397048,0.002360721381905532,0.5736164111102419,0.0010265104093389772,1.99±0.24,57.36±0.10
Chemical,remove_annotations_randomly,0.7,PubMedBERT,0.5820949554748693,0.016708903466253807,-0.001670193390289755,0.04015016559243214,58.21±1.67,-0.17±4.02
Chemical,remove_annotations_randomly,0.7,TS-PubMedBERT-Partial-CRF,0.030381496407806585,0.004581663713853436,0.5689905303064043,0.002035926561136804,3.04±0.46,56.90±0.20
Chemical,remove_annotations_randomly,0.8,BiLSTM-Partial-CRF,0.8059945057498453,0.013360723813705871,-0.30308248302038776,0.0988492872786696,80.60±1.34,-30.31±9.88
Chemical,remove_annotations_randomly,0.8,EER-PubMedBERT-CRF,0.02534944485401743,0.002803888705451185,0.7420272811014834,0.0007448082680808274,2.53±0.28,74.20±0.07
Chemical,remove_annotations_randomly,0.8,PubMedBERT,0.7485689207781749,0.026918167297411918,-0.011464068270512943,0.10328906402814964,74.86±2.69,-1.15±10.33
Chemical,remove_annotations_randomly,0.8,TS-PubMedBERT-Partial-CRF,0.020816226095093447,0.0024475569365594763,0.7432221360441232,0.000642997872089735,2.08±0.24,74.32±0.06
Chemical,remove_annotations_randomly,0.9,BiLSTM-Partial-CRF,0.9398816721227794,0.012528954146256412,-0.9614446566243025,0.4244074425492304,93.99±1.25,-96.14±42.44
Chemical,remove_annotations_randomly,0.9,EER-PubMedBERT-CRF,0.03823962721897471,0.0023587858766962676,0.8830674038488617,0.0002865571881899703,3.82±0.24,88.31±0.03
Chemical,remove_annotations_randomly,0.9,PubMedBERT,0.8875395665318473,0.007587514011556056,-0.004790591700137288,0.06827341093800968,88.75±0.76,-0.48±6.83
Chemical,remove_annotations_randomly,0.9,TS-PubMedBERT-Partial-CRF,0.03192016357799548,0.006251038740319591,0.8838263778721256,0.000754013129674493,3.19±0.63,88.38±0.08
Chemical,remove_surfaceforms_randomly,0.1,BiLSTM-Partial-CRF,0.10665781846567794,0.003807425408969349,-0.05356562420841582,0.004477995785505629,10.67±0.38,-5.36±0.45
Chemical,remove_surfaceforms_randomly,0.1,EER-PubMedBERT-CRF,0.041611090537037564,0.0029055898185400227,0.017949928182368586,0.002986967760432828,4.16±0.29,1.79±0.30
Chemical,remove_surfaceforms_randomly,0.1,PubMedBERT,0.058823139367871424,0.0035190426174099357,-1.4555718444643398e-05,0.003738823031036718,5.88±0.35,-0.00±0.37
Chemical,remove_surfaceforms_randomly,0.1,TS-PubMedBERT-Partial-CRF,0.07021789846815393,0.019326271839223565,-0.012714230640855894,0.021205810462214238,7.02±1.93,-1.27±2.12
Chemical,remove_surfaceforms_randomly,0.2,BiLSTM-Partial-CRF,0.16148174074242994,0.0032133644425742574,-0.054390881653207414,0.0040418191545312015,16.15±0.32,-5.44±0.40
Chemical,remove_surfaceforms_randomly,0.2,EER-PubMedBERT-CRF,0.07067301823468998,0.00765105850294927,0.0485864455345376,0.007758056365680241,7.07±0.77,4.86±0.78
Chemical,remove_surfaceforms_randomly,0.2,PubMedBERT,0.1158875166437368,0.0021380843783715096,-6.092361908546654e-06,0.0024194773488664585,11.59±0.21,-0.00±0.24
Chemical,remove_surfaceforms_randomly,0.2,TS-PubMedBERT-Partial-CRF,0.07066528901533405,0.020081315394421234,0.048191936760354756,0.020843889905247874,7.07±2.01,4.82±2.08
Chemical,remove_surfaceforms_randomly,0.3,BiLSTM-Partial-CRF,0.2096869893681692,0.00805396549511064,-0.03505173185368309,0.010518714201942413,20.97±0.81,-3.51±1.05
Chemical,remove_surfaceforms_randomly,0.3,EER-PubMedBERT-CRF,0.09636118932824217,0.005179313736350785,0.09482146011001474,0.00515838953247312,9.64±0.52,9.48±0.52
Chemical,remove_surfaceforms_randomly,0.3,PubMedBERT,0.18207335899814164,0.0050163492663953665,-3.9074330286851396e-05,0.006118862496021148,18.21±0.50,-0.00±0.61
Chemical,remove_surfaceforms_randomly,0.3,TS-PubMedBERT-Partial-CRF,0.08257832431456175,0.013803756469025583,0.10823936694931355,0.013491126134064658,8.26±1.38,10.82±1.35
Chemical,remove_surfaceforms_randomly,0.4,BiLSTM-Partial-CRF,0.25316048381114115,0.0029288793992644723,-0.03445776123116518,0.004040501738642348,25.32±0.29,-3.45±0.40
Chemical,remove_surfaceforms_randomly,0.4,EER-PubMedBERT-CRF,0.12229759150925505,0.004968006978919943,0.11976157623323921,0.004982370371695746,12.23±0.50,11.98±0.50
Chemical,remove_surfaceforms_randomly,0.4,PubMedBERT,0.22743838811097353,0.018019736463528776,-0.0005657812415945093,0.023298067413853558,22.74±1.80,-0.06±2.33
Chemical,remove_surfaceforms_randomly,0.4,TS-PubMedBERT-Partial-CRF,0.09519587701637225,0.0071036045081578,0.14610147474792115,0.006664718848838408,9.52±0.71,14.61±0.67
Chemical,remove_surfaceforms_randomly,0.5,BiLSTM-Partial-CRF,0.3144642966104394,0.005572651683696785,-0.030397478269953388,0.008329372884910813,31.45±0.56,-3.04±0.83
Chemical,remove_surfaceforms_randomly,0.5,EER-PubMedBERT-CRF,0.15729148888450276,0.003935889075406891,0.16181938831907366,0.0039053931826383294,15.73±0.39,16.18±0.39
Chemical,remove_surfaceforms_randomly,0.5,PubMedBERT,0.2936740696371206,0.012540122801579005,-0.00033051482360940514,0.017881199750701706,29.37±1.25,-0.03±1.79
Chemical,remove_surfaceforms_randomly,0.5,TS-PubMedBERT-Partial-CRF,0.12302495675587895,0.014035583725955588,0.19437511676864033,0.012795704698142396,12.30±1.40,19.44±1.28
Chemical,remove_surfaceforms_randomly,0.6,BiLSTM-Partial-CRF,0.3863858936334919,0.004733811551289151,0.03471303748321268,0.007493653689104107,38.64±0.47,3.47±0.75
Chemical,remove_surfaceforms_randomly,0.6,EER-PubMedBERT-CRF,0.20023335034867468,0.01095190059678332,0.25929358573424305,0.010131197324717862,20.02±1.10,25.93±1.01
Chemical,remove_surfaceforms_randomly,0.6,PubMedBERT,0.4077232386052721,0.015353648042563214,-0.0006794634317644273,0.02517628391565791,40.77±1.54,-0.07±2.52
Chemical,remove_surfaceforms_randomly,0.6,TS-PubMedBERT-Partial-CRF,0.15568296521888003,0.011297978550632812,0.2983822422310693,0.009441732163099605,15.57±1.13,29.84±0.94
Chemical,remove_surfaceforms_randomly,0.7,BiLSTM-Partial-CRF,0.45918556555311607,0.014350461074307614,0.07075091412612533,0.02419578408061038,45.92±1.44,7.08±2.42
Chemical,remove_surfaceforms_randomly,0.7,EER-PubMedBERT-CRF,0.2704738709290305,0.01741662643186509,0.3112126041521218,0.016467143037277133,27.05±1.74,31.12±1.65
Chemical,remove_surfaceforms_randomly,0.7,PubMedBERT,0.497810114598917,0.03658104965158406,-0.005751326158967252,0.07599137058106745,49.78±3.66,-0.58±7.60
Chemical,remove_surfaceforms_randomly,0.7,TS-PubMedBERT-Partial-CRF,0.18788756543356583,0.018310912527453226,0.3812971645608637,0.013974052857581194,18.79±1.83,38.13±1.40
Chemical,remove_surfaceforms_randomly,0.8,BiLSTM-Partial-CRF,0.5657157175997413,0.0032129004725585373,0.19864368653391712,0.005905532345416419,56.57±0.32,19.86±0.59
Chemical,remove_surfaceforms_randomly,0.8,EER-PubMedBERT-CRF,0.35293899475782975,0.011909128393225762,0.4619996909559986,0.009866208728715934,35.29±1.19,46.20±0.99
Chemical,remove_surfaceforms_randomly,0.8,PubMedBERT,0.6520033040445037,0.016970355718250733,-0.002337243749006454,0.04605323359049308,65.20±1.70,-0.23±4.61
Chemical,remove_surfaceforms_randomly,0.8,TS-PubMedBERT-Partial-CRF,0.22990240471061166,0.02090423151108124,0.5477782758738424,0.011862237175172752,22.99±2.09,54.78±1.19
Chemical,remove_surfaceforms_randomly,0.9,BiLSTM-Partial-CRF,0.7344778866453335,0.010629806760844653,0.32884357086078014,0.027811622571525526,73.45±1.06,32.88±2.78
Chemical,remove_surfaceforms_randomly,0.9,EER-PubMedBERT-CRF,0.4465697002922776,0.016442748626386738,0.6782619971633917,0.009371539958389751,44.66±1.64,67.83±0.94
Chemical,remove_surfaceforms_randomly,0.9,PubMedBERT,0.822100825944915,0.03303286309316118,-0.03846506958158135,0.20051682999061438,82.21±3.30,-3.85±20.05
Chemical,remove_surfaceforms_randomly,0.9,TS-PubMedBERT-Partial-CRF,0.3483708705369394,0.011617661944939402,0.7269015265550908,0.0049397412434271605,34.84±1.16,72.69±0.49
Disease,remove_annotations_randomly,0.1,BiLSTM-Partial-CRF,0.06292572372221286,0.0014337080047319966,-0.05134126639320746,0.0016062725330565834,6.29±0.14,-5.13±0.16
Disease,remove_annotations_randomly,0.1,EER-PubMedBERT-CRF,0.011492435116287622,0.0051557369460139115,0.003335406946700045,0.005221701283747003,1.15±0.52,0.33±0.52
Disease,remove_annotations_randomly,0.1,PubMedBERT,0.014817541554189568,0.006356093231402108,-4.3607525743638055e-05,0.00649149219881538,1.48±0.64,-0.00±0.65
Disease,remove_annotations_randomly,0.1,TS-PubMedBERT-Partial-CRF,0.0167057764820943,0.00414829782964545,-0.0019389059433468025,0.00423217317110869,1.67±0.41,-0.19±0.42
Disease,remove_annotations_randomly,0.2,BiLSTM-Partial-CRF,0.06512378575520036,0.002699279015145449,-0.04580874489080169,0.0030210141555379534,6.51±0.27,-4.58±0.30
Disease,remove_annotations_randomly,0.2,EER-PubMedBERT-CRF,0.011182453833402422,0.008307165633303868,0.011176596681901836,0.008405204214390822,1.12±0.83,1.12±0.84
Disease,remove_annotations_randomly,0.2,PubMedBERT,0.022306770524799936,0.004452031604047331,-2.1678208698195157e-05,0.004572184501001601,2.23±0.45,-0.00±0.46
Disease,remove_annotations_randomly,0.2,TS-PubMedBERT-Partial-CRF,0.018297482287178878,0.0052538988388674355,0.004054204901988686,0.005349642351424497,1.83±0.53,0.41±0.53
Disease,remove_annotations_randomly,0.3,BiLSTM-Partial-CRF,0.06911752708418259,0.003187310964993876,-0.032892986558900716,0.0035454821372221204,6.91±0.32,-3.29±0.35
Disease,remove_annotations_randomly,0.3,EER-PubMedBERT-CRF,0.010854985502881987,0.0030435980124655926,0.027948695817521973,0.0029946301431637073,1.09±0.30,2.79±0.30
Disease,remove_annotations_randomly,0.3,PubMedBERT,0.03850978886101701,0.006680035804949656,-5.015744869881454e-05,0.0069335464129746446,3.85±0.67,-0.01±0.69
Disease,remove_annotations_randomly,0.3,TS-PubMedBERT-Partial-CRF,0.014518821814755594,0.005494289453256639,0.02431276630400041,0.0054526205958271125,1.45±0.55,2.43±0.55
Disease,remove_annotations_randomly,0.4,BiLSTM-Partial-CRF,0.07174456702036909,0.0030714196883045376,-0.0074037265548160995,0.0033230004591024687,7.17±0.31,-0.74±0.33
Disease,remove_annotations_randomly,0.4,EER-PubMedBERT-CRF,0.01506171055935052,0.003289700355605816,0.050571775241746886,0.003169453739561668,1.51±0.33,5.06±0.32
Disease,remove_annotations_randomly,0.4,PubMedBERT,0.06488264474210645,0.029934315465331176,-0.0011162884747185375,0.03349588216839833,6.49±2.99,-0.11±3.35
Disease,remove_annotations_randomly,0.4,TS-PubMedBERT-Partial-CRF,0.017403674893659467,0.007196035898708989,0.04826692255799621,0.006949270687442141,1.74±0.72,4.83±0.69
Disease,remove_annotations_randomly,0.5,BiLSTM-Partial-CRF,0.07769324522163246,0.0031196510927345494,0.11648639472262609,0.0030000494877556695,7.77±0.31,11.65±0.30
Disease,remove_annotations_randomly,0.5,EER-PubMedBERT-CRF,0.021814658197406116,0.003195796730100742,0.16695757464543437,0.0027252619955334687,2.18±0.32,16.70±0.27
Disease,remove_annotations_randomly,0.5,PubMedBERT,0.18513917889904058,0.04128111994600037,-0.002534109511151084,0.04807631061523525,18.51±4.13,-0.25±4.81
Disease,remove_annotations_randomly,0.5,TS-PubMedBERT-Partial-CRF,0.01750486279071673,0.0071672595649493,0.1705745400597661,0.006118357893855338,1.75±0.72,17.06±0.61
Disease,remove_annotations_randomly,0.6,BiLSTM-Partial-CRF,0.08782529785479871,0.002889245644460511,0.24457951776227746,0.002388906501890631,8.78±0.29,24.46±0.24
Disease,remove_annotations_randomly,0.6,EER-PubMedBERT-CRF,0.028331097050164834,0.0028082867501895248,0.29083427321993244,0.002057773213693241,2.83±0.28,29.08±0.21
Disease,remove_annotations_randomly,0.6,PubMedBERT,0.31093173333826635,0.06812357560927884,-0.010417488930585854,0.10184623689455191,31.09±6.81,-1.04±10.18
Disease,remove_annotations_randomly,0.6,TS-PubMedBERT-Partial-CRF,0.023011721652332326,0.0033313464040824617,0.294693072014384,0.00240282146212721,2.30±0.33,29.47±0.24
Disease,remove_annotations_randomly,0.7,BiLSTM-Partial-CRF,0.12642469434216647,0.013966439310377004,0.4585447760681875,0.00868918796551482,12.64±1.40,45.85±0.87
Disease,remove_annotations_randomly,0.7,EER-PubMedBERT-CRF,0.039878946424318884,0.0066108415291627285,0.5074588527022862,0.003424248181420856,3.99±0.66,50.75±0.34
Disease,remove_annotations_randomly,0.7,PubMedBERT,0.5271244451699728,0.02296350921765456,-0.0024291364888368015,0.04805365853131449,52.71±2.30,-0.24±4.81
Disease,remove_annotations_randomly,0.7,TS-PubMedBERT-Partial-CRF,0.026864852639120824,0.007701703539107372,0.5140379602806674,0.0038889458837246564,2.69±0.77,51.40±0.39
Disease,remove_annotations_randomly,0.8,BiLSTM-Partial-CRF,0.4181660298690556,0.10223047295841466,0.4653471003019024,0.08636614652297236,41.82±10.22,46.53±8.64
Disease,remove_annotations_randomly,0.8,EER-PubMedBERT-CRF,0.05348122521444929,0.0045205191929486325,0.6810129430756753,0.0015203525675827542,5.35±0.45,68.10±0.15
Disease,remove_annotations_randomly,0.8,PubMedBERT,0.6980799178104894,0.035538637201298205,-0.013941883611038122,0.11436714512958261,69.81±3.55,-1.39±11.44
Disease,remove_annotations_randomly,0.8,TS-PubMedBERT-Partial-CRF,0.04032813060670398,0.004893838642501064,0.685383881240682,0.0016007253257314545,4.03±0.49,68.54±0.16
Disease,remove_annotations_randomly,0.9,BiLSTM-Partial-CRF,0.8179554348845979,0.10995088669874813,0.21031598330396456,0.2656523700133767,81.80±11.00,21.03±26.57
Disease,remove_annotations_randomly,0.9,EER-PubMedBERT-CRF,0.07714384213826023,0.00507136352443727,0.8762607015291792,0.0006787178112148112,7.71±0.51,87.63±0.07
Disease,remove_annotations_randomly,0.9,PubMedBERT,0.8858100103726336,0.0276512030359716,-0.0793196326594077,0.32157523093292933,88.58±2.77,-7.93±32.16
Disease,remove_annotations_randomly,0.9,TS-PubMedBERT-Partial-CRF,0.05688237989274887,0.0075083783424334215,0.8789148420533284,0.0009665820481943935,5.69±0.75,87.89±0.10
Disease,remove_surfaceforms_randomly,0.1,BiLSTM-Partial-CRF,0.10733653574814284,0.005381982472603852,-0.06042431505175002,0.00639257522841296,10.73±0.54,-6.04±0.64
Disease,remove_surfaceforms_randomly,0.1,EER-PubMedBERT-CRF,0.020064872849098053,0.005069328897898206,0.03402513087498151,0.005017997334466371,2.01±0.51,3.40±0.50
Disease,remove_surfaceforms_randomly,0.1,PubMedBERT,0.05343378028350844,0.005778188657704431,-3.8742997625200104e-05,0.006095464258742526,5.34±0.58,-0.00±0.61
Disease,remove_surfaceforms_randomly,0.1,TS-PubMedBERT-Partial-CRF,0.024531759349967548,0.004700182388525882,0.029605384275294456,0.004681058846744369,2.45±0.47,2.96±0.47
Disease,remove_surfaceforms_randomly,0.2,BiLSTM-Partial-CRF,0.1470450070606372,0.006754074069622821,-0.03651814378403588,0.00814421513134502,14.70±0.68,-3.65±0.81
Disease,remove_surfaceforms_randomly,0.2,EER-PubMedBERT-CRF,0.039561545486252354,0.0032859804333386627,0.07952786049647795,0.003152752490293034,3.96±0.33,7.95±0.32
Disease,remove_surfaceforms_randomly,0.2,PubMedBERT,0.11595394790394713,0.00599835734716462,-4.777259780801256e-05,0.00676209151525861,11.60±0.60,-0.00±0.68
Disease,remove_surfaceforms_randomly,0.2,TS-PubMedBERT-Partial-CRF,0.03118006040033495,0.006242515258591772,0.08746308914619798,0.005831315277419822,3.12±0.62,8.75±0.58
Disease,remove_surfaceforms_randomly,0.3,BiLSTM-Partial-CRF,0.19843834495160043,0.004876875904342708,-0.018941310597221588,0.0062064708041799695,19.84±0.49,-1.89±0.62
Disease,remove_surfaceforms_randomly,0.3,EER-PubMedBERT-CRF,0.06141361936648844,0.00436211023831567,0.12982849317959672,0.004041781785062204,6.14±0.44,12.98±0.40
Disease,remove_surfaceforms_randomly,0.3,PubMedBERT,0.1832872324623121,0.012900288790411867,-0.0002585049638833737,0.01572033578919226,18.33±1.29,-0.03±1.57
Disease,remove_surfaceforms_randomly,0.3,TS-PubMedBERT-Partial-CRF,0.046659243480338154,0.008793236408064118,0.14323905698214134,0.007903356658834189,4.67±0.88,14.32±0.79
Disease,remove_surfaceforms_randomly,0.4,BiLSTM-Partial-CRF,0.23996508254202809,0.007335879548340855,0.03450705124793508,0.00934756562689016,24.00±0.73,3.45±0.93
Disease,remove_surfaceforms_randomly,0.4,EER-PubMedBERT-CRF,0.08326580268424291,0.005123079982525363,0.1995927194745334,0.004456372844426398,8.33±0.51,19.96±0.45
Disease,remove_surfaceforms_randomly,0.4,PubMedBERT,0.2662630455822505,0.007439127280951264,-0.00010704915286858727,0.010140536973366062,26.63±0.74,-0.01±1.01
Disease,remove_surfaceforms_randomly,0.4,TS-PubMedBERT-Partial-CRF,0.04586819556956712,0.0069328235956166665,0.230947637059219,0.00559182438990912,4.59±0.69,23.09±0.56
Disease,remove_surfaceforms_randomly,0.5,BiLSTM-Partial-CRF,0.29341185061180824,0.005500286874746761,0.07512887233135031,0.007157411465440881,29.34±0.55,7.51±0.72
Disease,remove_surfaceforms_randomly,0.5,EER-PubMedBERT-CRF,0.10166844704128311,0.006721321550180156,0.2725402502732864,0.005438217601482037,10.17±0.67,27.25±0.54
Disease,remove_surfaceforms_randomly,0.5,PubMedBERT,0.3465380118570687,0.004076712985908684,-4.051343406407501e-05,0.00623694140237321,34.65±0.41,-0.00±0.62
Disease,remove_surfaceforms_randomly,0.5,TS-PubMedBERT-Partial-CRF,0.05878821853483866,0.00956845203175606,0.3056473689886247,0.007115430845739622,5.88±0.96,30.56±0.71
Disease,remove_surfaceforms_randomly,0.6,BiLSTM-Partial-CRF,0.3386882534834883,0.003940879609960218,0.1631256314805507,0.0049621967142791075,33.87±0.39,16.31±0.50
Disease,remove_surfaceforms_randomly,0.6,EER-PubMedBERT-CRF,0.1671525300575063,0.012287591302988515,0.33536458867705643,0.00980480909223023,16.72±1.23,33.54±0.98
Disease,remove_surfaceforms_randomly,0.6,PubMedBERT,0.4465855112058845,0.013917218886887192,-0.0006713997791275801,0.025647910352766395,44.66±1.39,-0.07±2.56
Disease,remove_surfaceforms_randomly,0.6,TS-PubMedBERT-Partial-CRF,0.08644561197422262,0.0034979259531600555,0.39420911214304244,0.002315955881462602,8.64±0.35,39.42±0.23
Disease,remove_surfaceforms_randomly,0.7,BiLSTM-Partial-CRF,0.4125548580097093,0.012470189907452894,0.21114041759002272,0.0165986666271592,41.26±1.25,21.11±1.66
Disease,remove_surfaceforms_randomly,0.7,EER-PubMedBERT-CRF,0.24387914922753792,0.021366063026218327,0.3868934254212748,0.017373592313986552,24.39±2.14,38.69±1.74
Disease,remove_surfaceforms_randomly,0.7,PubMedBERT,0.5368037465908466,0.027039693597999702,-0.0035543241548627257,0.05859058281176117,53.68±2.70,-0.36±5.86
Disease,remove_surfaceforms_randomly,0.7,TS-PubMedBERT-Partial-CRF,0.12157979139180834,0.013540762465960853,0.47256484896789785,0.008046687351995648,12.16±1.35,47.26±0.80
Disease,remove_surfaceforms_randomly,0.8,BiLSTM-Partial-CRF,0.5095159163978156,0.010954388749058179,0.3385584714741122,0.01438304850089707,50.95±1.10,33.86±1.44
Disease,remove_surfaceforms_randomly,0.8,EER-PubMedBERT-CRF,0.2785255645510074,0.026509237329542478,0.5499412273140973,0.016071538470301207,27.85±2.65,54.99±1.61
Disease,remove_surfaceforms_randomly,0.8,PubMedBERT,0.6757374932107358,0.01782022976097913,-0.0033355616718805394,0.05834791603697101,67.57±1.78,-0.33±5.83
Disease,remove_surfaceforms_randomly,0.8,TS-PubMedBERT-Partial-CRF,0.12908633430727529,0.024799393099389742,0.6273621183698306,0.010570501766558747,12.91±2.48,62.74±1.06
Disease,remove_surfaceforms_randomly,0.9,BiLSTM-Partial-CRF,0.6775569880922152,0.06917477497543652,0.5182950110623835,0.09530394464033475,67.76±6.92,51.83±9.53
Disease,remove_surfaceforms_randomly,0.9,EER-PubMedBERT-CRF,0.35194814231813176,0.033882408734397414,0.7702575945432981,0.011851679097926641,35.19±3.39,77.03±1.19
Disease,remove_surfaceforms_randomly,0.9,PubMedBERT,0.8515327342393922,0.022539116018942765,-0.022788322725030896,0.14591206311734947,85.15±2.25,-2.28±14.59
Disease,remove_surfaceforms_randomly,0.9,TS-PubMedBERT-Partial-CRF,0.15799665971112237,0.046236155892182815,0.8231267802046931,0.009570664273268015,15.80±4.62,82.31±0.96
Gene,remove_annotations_randomly,0.1,BiLSTM-Partial-CRF,0.057923999420376904,0.0015595421128631545,-0.05407109731731326,0.0017462878223794792,5.79±0.16,-5.41±0.17
Gene,remove_annotations_randomly,0.1,EER-PubMedBERT-CRF,0.009773396941699,0.0030141902802248675,-0.002822813961887457,0.003052622863878888,0.98±0.30,-0.28±0.31
Gene,remove_annotations_randomly,0.1,PubMedBERT,0.006987752012052548,0.0020407176206625847,-4.402149227938088e-06,0.0020572600113049505,0.70±0.20,-0.00±0.21
Gene,remove_annotations_randomly,0.1,TS-PubMedBERT-Partial-CRF,0.12670803717835125,0.01104306593022103,-0.13727863192813974,0.014267334813299547,12.67±1.10,-13.73±1.43
Gene,remove_annotations_randomly,0.2,BiLSTM-Partial-CRF,0.0579172368665828,0.002091471977719021,-0.032152704086717374,0.0022899316105092983,5.79±0.21,-3.22±0.23
Gene,remove_annotations_randomly,0.2,EER-PubMedBERT-CRF,0.009067609375577903,0.00369158979049992,0.018719745425711788,0.003669271556972712,0.91±0.37,1.87±0.37
Gene,remove_annotations_randomly,0.2,PubMedBERT,0.027631715360483738,0.00720053556097997,-5.694039823245685e-05,0.007384905713343094,2.76±0.72,-0.01±0.74
Gene,remove_annotations_randomly,0.2,TS-PubMedBERT-Partial-CRF,0.12747340415323358,0.008815177720390623,-0.11454586858108928,0.011181403315881161,12.75±0.88,-11.45±1.12
Gene,remove_annotations_randomly,0.3,BiLSTM-Partial-CRF,0.06118681138852944,0.001778924231223979,-0.023121526031165626,0.0019394957542798522,6.12±0.18,-2.31±0.19
Gene,remove_annotations_randomly,0.3,EER-PubMedBERT-CRF,0.004665499093874035,0.001862766816335187,0.03497780386150241,0.001802581704782084,0.47±0.19,3.50±0.18
Gene,remove_annotations_randomly,0.3,PubMedBERT,0.03948361027976362,0.0056696026476960445,-3.628465483667739e-05,0.0059038155974515385,3.95±0.57,-0.00±0.59
Gene,remove_annotations_randomly,0.3,TS-PubMedBERT-Partial-CRF,0.12034340095614908,0.015996094395973274,-0.09229557684830894,0.019731107386627485,12.03±1.60,-9.23±1.97
Gene,remove_annotations_randomly,0.4,BiLSTM-Partial-CRF,0.07350094098588149,0.0017966224765810204,0.0014663710445191977,0.001931826292933954,7.35±0.18,0.15±0.19
Gene,remove_annotations_randomly,0.4,EER-PubMedBERT-CRF,0.0027936459604309483,0.0024292900552111444,0.07226565507898204,0.0022652600917168132,0.28±0.24,7.23±0.23
Gene,remove_annotations_randomly,0.4,PubMedBERT,0.07486314624742564,0.009832794973783386,-0.00011835791122781943,0.010695613437523252,7.49±0.98,-0.01±1.07
Gene,remove_annotations_randomly,0.4,TS-PubMedBERT-Partial-CRF,0.09151599497027765,0.012386056771670016,-0.01852669538783858,0.013829912608604316,9.15±1.24,-1.85±1.38
Gene,remove_annotations_randomly,0.5,BiLSTM-Partial-CRF,0.1152912238109614,0.0028225464864765405,0.16673824468673998,0.002661081289324743,11.53±0.28,16.67±0.27
Gene,remove_annotations_randomly,0.5,EER-PubMedBERT-CRF,0.0038832736959281077,0.0008014762958981715,0.2599394787212134,0.0005951359797053814,0.39±0.08,25.99±0.06
Gene,remove_annotations_randomly,0.5,PubMedBERT,0.26281383293174404,0.06279572070140121,-0.007396731943301968,0.08343481397676573,26.28±6.28,-0.74±8.34
Gene,remove_annotations_randomly,0.5,TS-PubMedBERT-Partial-CRF,0.10196454589531045,0.02900336141866437,0.17821086257440566,0.026823876910512946,10.20±2.90,17.82±2.68
Gene,remove_annotations_randomly,0.6,BiLSTM-Partial-CRF,0.2519939366053705,0.02549773926498368,0.2646248352638376,0.025528602777447097,25.20±2.55,26.46±2.55
Gene,remove_annotations_randomly,0.6,EER-PubMedBERT-CRF,0.010043490330529408,0.0044471662789961446,0.4450271215832665,0.0024920313199248774,1.00±0.44,44.50±0.25
Gene,remove_annotations_randomly,0.6,PubMedBERT,0.4506125256920404,0.028726876757247655,-0.002693378151228445,0.049502734335578225,45.06±2.87,-0.27±4.95
Gene,remove_annotations_randomly,0.6,TS-PubMedBERT-Partial-CRF,0.06842017703850602,0.019529038682578683,0.40999057492709257,0.012462727287690066,6.84±1.95,41.00±1.25
Gene,remove_annotations_randomly,0.7,BiLSTM-Partial-CRF,0.6563585927509712,0.024479892567290332,-0.1536065021557018,0.07979100699400049,65.64±2.45,-15.36±7.98
Gene,remove_annotations_randomly,0.7,EER-PubMedBERT-CRF,0.016835181848703185,0.002803286933262171,0.5988456358735931,0.0011418039071681321,1.68±0.28,59.88±0.11
Gene,remove_annotations_randomly,0.7,PubMedBERT,0.6056024753140662,0.027247071393994442,-0.0049338528403390786,0.0686320492398575,60.56±2.72,-0.49±6.86
Gene,remove_annotations_randomly,0.7,TS-PubMedBERT-Partial-CRF,0.04251544196294654,0.007331077084550893,0.5880649253546417,0.003137336221555374,4.25±0.73,58.81±0.31
Gene,remove_annotations_randomly,0.8,BiLSTM-Partial-CRF,0.8922089526001926,0.03188885675413263,-1.2696125581415014,0.7324217519758782,89.22±3.19,-126.96±73.24
Gene,remove_annotations_randomly,0.8,EER-PubMedBERT-CRF,0.028402601672110412,0.006608351900733453,0.7721183523268715,0.001562170590931964,2.84±0.66,77.21±0.16
Gene,remove_annotations_randomly,0.8,PubMedBERT,0.7786015329268198,0.015742891317056962,-0.005894963176527271,0.07965435051802305,77.86±1.57,-0.59±7.97
Gene,remove_annotations_randomly,0.8,TS-PubMedBERT-Partial-CRF,0.03510323972618252,0.00798050207124009,0.7705305389154471,0.0019102164539123768,3.51±0.80,77.05±0.19
Gene,remove_annotations_randomly,0.9,BiLSTM-Partial-CRF,0.995342685335878,0.0031957431258081087,-31.841571079906323,26.160639312330105,99.53±0.32,-3184.16±2616.06
Gene,remove_annotations_randomly,0.9,EER-PubMedBERT-CRF,0.04723078652280469,0.003922952730763575,0.9091002180424524,0.0003752491504145771,4.72±0.39,90.91±0.04
Gene,remove_annotations_randomly,0.9,PubMedBERT,0.9133950190124998,0.005538412435484937,-0.00449982286523092,0.06772714955835349,91.34±0.55,-0.45±6.77
Gene,remove_annotations_randomly,0.9,TS-PubMedBERT-Partial-CRF,0.026544096476089917,0.004449636640634465,0.9110315374633388,0.00040881989084674684,2.65±0.44,91.10±0.04
Gene,remove_surfaceforms_randomly,0.1,BiLSTM-Partial-CRF,0.11764202733871769,0.0031162629534890623,-0.0758668347725924,0.0037979244700065656,11.76±0.31,-7.59±0.38
Gene,remove_surfaceforms_randomly,0.1,EER-PubMedBERT-CRF,0.04720622159293387,0.009083038510692953,0.0035852487242720166,0.009560894088899667,4.72±0.91,0.36±0.96
Gene,remove_surfaceforms_randomly,0.1,PubMedBERT,0.050712644099849366,0.003941390664007826,-1.7887277285185203e-05,0.004137600576040564,5.07±0.39,-0.00±0.41
Gene,remove_surfaceforms_randomly,0.1,TS-PubMedBERT-Partial-CRF,0.14219129236775915,0.007374728232706485,-0.10672755277470496,0.009529715048029463,14.22±0.74,-10.67±0.95
Gene,remove_surfaceforms_randomly,0.2,BiLSTM-Partial-CRF,0.168339515854957,0.0025040807820405275,-0.07222216746156279,0.00322509806291876,16.83±0.25,-7.22±0.32
Gene,remove_surfaceforms_randomly,0.2,EER-PubMedBERT-CRF,0.08041783347450501,0.003804204854374052,0.030285297976586644,0.004026372896478386,8.04±0.38,3.03±0.40
Gene,remove_surfaceforms_randomly,0.2,PubMedBERT,0.10828360198942051,0.00958062141642407,-0.0001187064443449246,0.010611394908928673,10.83±0.96,-0.01±1.06
Gene,remove_surfaceforms_randomly,0.2,TS-PubMedBERT-Partial-CRF,0.15059190852198073,0.018669838980643443,-0.05034492658669828,0.02341217806944474,15.06±1.87,-5.03±2.34
Gene,remove_surfaceforms_randomly,0.3,BiLSTM-Partial-CRF,0.22257859127313878,0.003814396327765737,-0.06772260838715205,0.005239464427364919,22.26±0.38,-6.77±0.52
Gene,remove_surfaceforms_randomly,0.3,EER-PubMedBERT-CRF,0.11894248676579726,0.002920456726015441,0.05788320002020397,0.0031174946332079723,11.89±0.29,5.79±0.31
Gene,remove_surfaceforms_randomly,0.3,PubMedBERT,0.16995039490200586,0.0037522087999433693,-2.122078704751046e-05,0.004508511773956264,17.00±0.38,-0.00±0.45
Gene,remove_surfaceforms_randomly,0.3,TS-PubMedBERT-Partial-CRF,0.16413241800146908,0.01719891739790253,0.006524529848917477,0.02034790145294396,16.41±1.72,0.65±2.03
Gene,remove_surfaceforms_randomly,0.4,BiLSTM-Partial-CRF,0.2791964802510893,0.004904389218601047,-0.05903270457990093,0.0071788018570695215,27.92±0.49,-5.90±0.72
Gene,remove_surfaceforms_randomly,0.4,EER-PubMedBERT-CRF,0.1514424931641068,0.005847418723131484,0.1004083524807506,0.006143270370149279,15.14±0.58,10.04±0.61
Gene,remove_surfaceforms_randomly,0.4,PubMedBERT,0.23668215758688427,0.020567385165799933,-0.000749379122131664,0.026723454088391923,23.67±2.06,-0.07±2.67
Gene,remove_surfaceforms_randomly,0.4,TS-PubMedBERT-Partial-CRF,0.1575106798599557,0.021597149721222716,0.09333491034565441,0.02392057176454503,15.75±2.16,9.33±2.39
Gene,remove_surfaceforms_randomly,0.5,BiLSTM-Partial-CRF,0.3399969953851194,0.0033224847877092348,-0.025222486814494884,0.005175705507045947,34.00±0.33,-2.52±0.52
Gene,remove_surfaceforms_randomly,0.5,EER-PubMedBERT-CRF,0.18949980863724142,0.006741031152128309,0.165107651348867,0.006894502243865089,18.95±0.67,16.51±0.69
Gene,remove_surfaceforms_randomly,0.5,PubMedBERT,0.3233679833241805,0.011769002527216242,-0.00031704013253374823,0.017508088180442583,32.34±1.18,-0.03±1.75
Gene,remove_surfaceforms_randomly,0.5,TS-PubMedBERT-Partial-CRF,0.18237076360116342,0.015150928767051056,0.17214672171034467,0.015533797974896077,18.24±1.52,17.21±1.55
Gene,remove_surfaceforms_randomly,0.6,BiLSTM-Partial-CRF,0.419222422208499,0.006377520046130654,-0.0396438957655594,0.011435016826690177,41.92±0.64,-3.96±1.14
Gene,remove_surfaceforms_randomly,0.6,EER-PubMedBERT-CRF,0.24110824497184374,0.006926822904399646,0.20439508181092916,0.007220571830720828,24.11±0.69,20.44±0.72
Gene,remove_surfaceforms_randomly,0.6,PubMedBERT,0.3962740635024621,0.031604168761825195,-0.002882509668422603,0.05292159201288324,39.63±3.16,-0.29±5.29
Gene,remove_surfaceforms_randomly,0.6,TS-PubMedBERT-Partial-CRF,0.20956931536430576,0.016869575348902596,0.23584701594538857,0.016170385014020423,20.96±1.69,23.58±1.62
Gene,remove_surfaceforms_randomly,0.7,BiLSTM-Partial-CRF,0.5444458982271551,0.01135179244143871,-0.00807151110916927,0.02502696330082212,54.44±1.14,-0.81±2.50
Gene,remove_surfaceforms_randomly,0.7,EER-PubMedBERT-CRF,0.2949823416870182,0.02165433607761066,0.34842023984284454,0.019514964285828433,29.50±2.17,34.84±1.95
Gene,remove_surfaceforms_randomly,0.7,PubMedBERT,0.5410646699362546,0.05060325444611236,-0.013278570332247955,0.11589144113360421,54.11±5.06,-1.33±11.59
Gene,remove_surfaceforms_randomly,0.7,TS-PubMedBERT-Partial-CRF,0.2322021035188087,0.008446554823230121,0.40219548854813575,0.006562667142626702,23.22±0.84,40.22±0.66
Gene,remove_surfaceforms_randomly,0.8,BiLSTM-Partial-CRF,0.7012482985167647,0.01364186071204305,0.020918523249933867,0.04607747334372637,70.12±1.36,2.09±4.61
Gene,remove_surfaceforms_randomly,0.8,EER-PubMedBERT-CRF,0.3630717474453584,0.009835891098519995,0.541673239213908,0.007098846233004235,36.31±0.98,54.17±0.71
Gene,remove_surfaceforms_randomly,0.8,PubMedBERT,0.7081514267817968,0.03252728368941448,-0.012751580766847953,0.11004302098967637,70.82±3.25,-1.28±11.00
Gene,remove_surfaceforms_randomly,0.8,TS-PubMedBERT-Partial-CRF,0.2681035339705062,0.017231985855670585,0.6010178888947345,0.00919957993309238,26.81±1.72,60.10±0.92
Gene,remove_surfaceforms_randomly,0.9,BiLSTM-Partial-CRF,0.9029490837232614,0.014434532012507119,-0.13076226777622157,0.16114176427087995,90.29±1.44,-13.08±16.11
Gene,remove_surfaceforms_randomly,0.9,EER-PubMedBERT-CRF,0.4588914221148917,0.03245596987658448,0.8008499448179732,0.012633018446068903,45.89±3.25,80.08±1.26
Gene,remove_surfaceforms_randomly,0.9,PubMedBERT,0.8926647171195519,0.020790858369957265,-0.036306371243802434,0.18218001535434683,89.27±2.08,-3.63±18.22
Gene,remove_surfaceforms_randomly,0.9,TS-PubMedBERT-Partial-CRF,0.3198582576770882,0.026414551440371314,0.8419440114551889,0.006008698465572486,31.99±2.64,84.19±0.60
Species,remove_annotations_randomly,0.1,BiLSTM-Partial-CRF,0.059031789433222404,0.008005136612532273,-0.04860621404301859,0.008870997975592869,5.90±0.80,-4.86±0.89
Species,remove_annotations_randomly,0.1,EER-PubMedBERT-CRF,0.12717619508669692,0.02602974612641416,-0.13144144156628748,0.033870483364547586,12.72±2.60,-13.14±3.39
Species,remove_annotations_randomly,0.1,PubMedBERT,0.013368827019271622,0.009148996388686381,-8.872235525082054e-05,0.009189217277076495,1.34±0.91,-0.01±0.92
Species,remove_annotations_randomly,0.1,TS-PubMedBERT-Partial-CRF,0.12552642857218893,0.010573604762516195,-0.1284272353358506,0.013500184640693623,12.55±1.06,-12.84±1.35
Species,remove_annotations_randomly,0.2,BiLSTM-Partial-CRF,0.06263190138005763,0.004587960518420267,-0.04678063497577509,0.005131509819247516,6.26±0.46,-4.68±0.51
Species,remove_annotations_randomly,0.2,EER-PubMedBERT-CRF,0.12717552909967164,0.013283013232615644,-0.12442961312260872,0.017022061106792784,12.72±1.33,-12.44±1.70
Species,remove_annotations_randomly,0.2,PubMedBERT,0.01880574039494521,0.007337456433274831,-5.7886144346107855e-05,0.00743439868431538,1.88±0.73,-0.01±0.74
Species,remove_annotations_randomly,0.2,TS-PubMedBERT-Partial-CRF,0.10836708492706962,0.017230373482299034,-0.10087156838931857,0.0211292018588024,10.84±1.72,-10.09±2.11
Species,remove_annotations_randomly,0.3,BiLSTM-Partial-CRF,0.06699899093515867,0.005786746111853256,-0.004853108474052229,0.0062126755999489715,6.70±0.58,-0.49±0.62
Species,remove_annotations_randomly,0.3,EER-PubMedBERT-CRF,0.11890076120376392,0.015350772975251368,-0.06434326536053912,0.018802629877915786,11.89±1.54,-6.43±1.88
Species,remove_annotations_randomly,0.3,PubMedBERT,0.06250846859569806,0.01653095489935026,-0.00032328996256829323,0.017611906101567088,6.25±1.65,-0.03±1.76
Species,remove_annotations_randomly,0.3,TS-PubMedBERT-Partial-CRF,0.11340421008295172,0.025055559420898838,-0.05828847781765621,0.0300024236081609,11.34±2.51,-5.83±3.00
Species,remove_annotations_randomly,0.4,BiLSTM-Partial-CRF,0.06898966315354786,0.00710899021855662,0.0004215004710682372,0.007712845023932715,6.90±0.71,0.04±0.77
Species,remove_annotations_randomly,0.4,EER-PubMedBERT-CRF,0.12716762976459797,0.027925482219544814,-0.06727986492898849,0.0342505010475659,12.72±2.79,-6.73±3.43
Species,remove_annotations_randomly,0.4,PubMedBERT,0.06943917537045183,0.02913673249811296,-0.0010608108978123448,0.032546426619269646,6.94±2.91,-0.11±3.25
Species,remove_annotations_randomly,0.4,TS-PubMedBERT-Partial-CRF,0.114618220625018,0.02132530072319086,-0.05166049673300559,0.025234466136882495,11.46±2.13,-5.17±2.52
Species,remove_annotations_randomly,0.5,BiLSTM-Partial-CRF,0.08059189390076366,0.010829918785105716,0.06508890737220664,0.010851613277421773,8.06±1.08,6.51±1.09
Species,remove_annotations_randomly,0.5,EER-PubMedBERT-CRF,0.10480381512940218,0.012652921820446838,0.03974084802223489,0.013500736680042164,10.48±1.27,3.97±1.35
Species,remove_annotations_randomly,0.5,PubMedBERT,0.14055752729120127,0.064296062386774,-0.006241810849821225,0.08027339949572164,14.06±6.43,-0.62±8.03
Species,remove_annotations_randomly,0.5,TS-PubMedBERT-Partial-CRF,0.10741732787988625,0.01515582567973729,0.03683921632057329,0.01636127342616222,10.74±1.52,3.68±1.64
Species,remove_annotations_randomly,0.6,BiLSTM-Partial-CRF,0.15647614671730792,0.006956917255433815,0.16906385049040598,0.006767668233194988,15.65±0.70,16.91±0.68
Species,remove_annotations_randomly,0.6,EER-PubMedBERT-CRF,0.10906605983005661,0.012435981144979956,0.21317531453838381,0.011073600402475094,10.91±1.24,21.32±1.11
Species,remove_annotations_randomly,0.6,PubMedBERT,0.2991345607697592,0.04639318595780664,-0.0045746031830663945,0.06644625997033725,29.91±4.64,-0.46±6.64
Species,remove_annotations_randomly,0.6,TS-PubMedBERT-Partial-CRF,0.12707051084620624,0.01911559756770301,0.19671107904857538,0.0175452910269476,12.71±1.91,19.67±1.75
Species,remove_annotations_randomly,0.7,BiLSTM-Partial-CRF,0.13198178071852007,0.006326804078429717,0.43406195623479177,0.004137296587740911,13.20±0.63,43.41±0.41
Species,remove_annotations_randomly,0.7,EER-PubMedBERT-CRF,0.11858966021328103,0.023738111483244086,0.44227165283502606,0.014983019331654093,11.86±2.37,44.23±1.50
Species,remove_annotations_randomly,0.7,PubMedBERT,0.5087827221760437,0.039840531139864264,-0.006586774851534055,0.07805360509929696,50.88±3.98,-0.66±7.81
Species,remove_annotations_randomly,0.7,TS-PubMedBERT-Partial-CRF,0.14524956066003716,0.025691836442174838,0.42477315895425144,0.01713356904767454,14.52±2.57,42.48±1.71
Species,remove_annotations_randomly,0.8,BiLSTM-Partial-CRF,0.2646422374501967,0.1269423274158945,0.5204793401090964,0.11148775210087307,26.46±12.69,52.05±11.15
Species,remove_annotations_randomly,0.8,EER-PubMedBERT-CRF,0.11504643160281572,0.020093861685232396,0.6179659501628981,0.00867761546951977,11.50±2.01,61.80±0.87
Species,remove_annotations_randomly,0.8,PubMedBERT,0.6620990907423472,0.06927690981577612,-0.050755462697424925,0.24063937496547597,66.21±6.93,-5.08±24.06
Species,remove_annotations_randomly,0.8,TS-PubMedBERT-Partial-CRF,0.1247016206991733,0.036428808697757,0.6132781027458165,0.015724689662380456,12.47±3.64,61.33±1.57
Species,remove_annotations_randomly,0.9,BiLSTM-Partial-CRF,0.8871362171962769,0.07999826577202668,-1.424827255615691,2.432092351120773,88.71±8.00,-142.48±243.21
Species,remove_annotations_randomly,0.9,EER-PubMedBERT-CRF,0.11964298599493799,0.022797218948659128,0.8607885297348229,0.0036250290677785463,11.96±2.28,86.08±0.36
Species,remove_annotations_randomly,0.9,PubMedBERT,0.8775302198254566,0.05440256574039274,-0.18145075720669557,0.4167663462321634,87.75±5.44,-18.15±41.68
Species,remove_annotations_randomly,0.9,TS-PubMedBERT-Partial-CRF,0.15181607001896538,0.05580900585103477,0.854885072960192,0.010574827037657721,15.18±5.58,85.49±1.06
Species,remove_surfaceforms_randomly,0.1,BiLSTM-Partial-CRF,0.17479764420895796,0.03875427718210002,-0.07745320930934721,0.050849775096264024,17.48±3.88,-7.75±5.08
Species,remove_surfaceforms_randomly,0.1,EER-PubMedBERT-CRF,0.12704380835405865,0.010841676576439419,-0.01632626520583138,0.012426514370067003,12.70±1.08,-1.63±1.24
Species,remove_surfaceforms_randomly,0.1,PubMedBERT,0.11293196964633472,0.018056460706932495,-0.00043803832865537545,0.020669790051980594,11.29±1.81,-0.04±2.07
Species,remove_surfaceforms_randomly,0.1,TS-PubMedBERT-Partial-CRF,0.12469590835456446,0.014314486242207556,-0.013717997778489005,0.01633730884497068,12.47±1.43,-1.37±1.63
Species,remove_surfaceforms_randomly,0.2,BiLSTM-Partial-CRF,0.2309843838381717,0.02154194828794715,-0.06379977372028901,0.02979660401335155,23.10±2.15,-6.38±2.98
Species,remove_surfaceforms_randomly,0.2,EER-PubMedBERT-CRF,0.12422384531004504,0.013081918106888024,0.06643215616776324,0.013656437777559566,12.42±1.31,6.64±1.37
Species,remove_surfaceforms_randomly,0.2,PubMedBERT,0.18258955902740848,0.03107436037055792,-0.0015304077160109037,0.03866600930869513,18.26±3.11,-0.15±3.87
Species,remove_surfaceforms_randomly,0.2,TS-PubMedBERT-Partial-CRF,0.13173449968064285,0.026452252208018754,0.05763183344119658,0.029610354677480487,13.17±2.65,5.76±2.96
Species,remove_surfaceforms_randomly,0.3,BiLSTM-Partial-CRF,0.29100218991437066,0.01681506098239445,-0.07559459535146304,0.025279147112238783,29.10±1.68,-7.56±2.53
Species,remove_surfaceforms_randomly,0.3,EER-PubMedBERT-CRF,0.13582234554032907,0.01551090122882795,0.11776117936216539,0.016060528591773263,13.58±1.55,11.78±1.61
Species,remove_surfaceforms_randomly,0.3,PubMedBERT,0.23784826334034345,0.01960064749778405,-0.0006841403153289169,0.02555576041312387,23.78±1.96,-0.07±2.56
Species,remove_surfaceforms_randomly,0.3,TS-PubMedBERT-Partial-CRF,0.12970341427301585,0.019789408619819985,0.12378688320974969,0.02007706386222047,12.97±1.98,12.38±2.01
Species,remove_surfaceforms_randomly,0.4,BiLSTM-Partial-CRF,0.34552810560873676,0.012083645733359764,-0.06991935337623052,0.0198070177275804,34.55±1.21,-6.99±1.98
Species,remove_surfaceforms_randomly,0.4,EER-PubMedBERT-CRF,0.14707282390223492,0.019444086656505575,0.1788707104436574,0.01879945225451196,14.71±1.94,17.89±1.88
Species,remove_surfaceforms_randomly,0.4,PubMedBERT,0.3000170469431353,0.016140534811970593,-0.0005636512331916421,0.023482784705664665,30.00±1.61,-0.06±2.35
Species,remove_surfaceforms_randomly,0.4,TS-PubMedBERT-Partial-CRF,0.1277883125746488,0.0283403296434876,0.19657884073101162,0.026118856287317697,12.78±2.83,19.66±2.61
Species,remove_surfaceforms_randomly,0.5,BiLSTM-Partial-CRF,0.3878802776581631,0.016445484215484744,-0.06021987515784931,0.028489048184045726,38.79±1.64,-6.02±2.85
Species,remove_surfaceforms_randomly,0.5,EER-PubMedBERT-CRF,0.18176495947795251,0.033171172557587114,0.20616588774386863,0.030379258838895296,18.18±3.32,20.62±3.04
Species,remove_surfaceforms_randomly,0.5,PubMedBERT,0.35150628940669104,0.013263212368749593,-0.0004420393685797674,0.02076097973243519,35.15±1.33,-0.04±2.08
Species,remove_surfaceforms_randomly,0.5,TS-PubMedBERT-Partial-CRF,0.14419855507040652,0.025557160321909807,0.24154229074619854,0.022387826216695397,14.42±2.56,24.15±2.24
Species,remove_surfaceforms_randomly,0.6,BiLSTM-Partial-CRF,0.4406292514570563,0.010079348070181146,-0.05846087007008675,0.018953739693204505,44.06±1.01,-5.85±1.90
Species,remove_surfaceforms_randomly,0.6,EER-PubMedBERT-CRF,0.20989178093711489,0.017280415100496,0.2505291872174821,0.016114630240565864,20.99±1.73,25.05±1.61
Species,remove_surfaceforms_randomly,0.6,PubMedBERT,0.4081268419771106,0.017110245756656765,-0.0008932958704859634,0.029686961891305975,40.81±1.71,-0.09±2.97
Species,remove_surfaceforms_randomly,0.6,TS-PubMedBERT-Partial-CRF,0.14902100135570823,0.029938957718562254,0.3035948813277543,0.024154769572680375,14.90±2.99,30.36±2.42
Species,remove_surfaceforms_randomly,0.7,BiLSTM-Partial-CRF,0.4982972469676805,0.01020958659547805,0.013649769293625996,0.020212607092709903,49.83±1.02,1.36±2.02
Species,remove_surfaceforms_randomly,0.7,EER-PubMedBERT-CRF,0.22705558528865044,0.021664893145266262,0.3595239581515242,0.018296765881723943,22.71±2.17,35.95±1.83
Species,remove_surfaceforms_randomly,0.7,PubMedBERT,0.5053602092604174,0.02726170434213007,-0.0032034781727642986,0.05584584585650922,50.54±2.73,-0.32±5.58
Species,remove_surfaceforms_randomly,0.7,TS-PubMedBERT-Partial-CRF,0.178109476263249,0.029788980264211305,0.3973713671446442,0.021124627932587115,17.81±2.98,39.74±2.11
Species,remove_surfaceforms_randomly,0.8,BiLSTM-Partial-CRF,0.5643979226540823,0.016262088370934444,0.1415568529443457,0.033517223045225315,56.44±1.63,14.16±3.35
Species,remove_surfaceforms_randomly,0.8,EER-PubMedBERT-CRF,0.26230981608695664,0.01771559362228696,0.49355438522284445,0.012343998851046485,26.23±1.77,49.36±1.23
Species,remove_surfaceforms_randomly,0.8,PubMedBERT,0.6266277064055407,0.02503861100225067,-0.004901346175869956,0.0702438649996227,62.66±2.50,-0.49±7.02
Species,remove_surfaceforms_randomly,0.8,TS-PubMedBERT-Partial-CRF,0.18196125558409104,0.028384569810773794,0.5429798766979379,0.016513098916145046,18.20±2.84,54.30±1.65
Species,remove_surfaceforms_randomly,0.9,BiLSTM-Partial-CRF,0.7213999121516143,0.04803338371564967,0.2770357750070661,0.12229640946743216,72.14±4.80,27.70±12.23
Species,remove_surfaceforms_randomly,0.9,EER-PubMedBERT-CRF,0.29795584857141677,0.019654923787914596,0.7215144090114913,0.007830826142423305,29.80±1.97,72.15±0.78
Species,remove_surfaceforms_randomly,0.9,PubMedBERT,0.8046510189157342,0.044558334627896344,-0.04786941137096252,0.2053744077257802,80.47±4.46,-4.79±20.54
Species,remove_surfaceforms_randomly,0.9,TS-PubMedBERT-Partial-CRF,0.26375283894972845,0.045674886691711436,0.7336415600905669,0.01592956557085815,26.38±4.57,73.36±1.59
